tract_id,county,value,measure
41049970100,Morrow,74.7,Diversity Index
41049970200,Morrow,26.6,Diversity Index
41007950100,Clatsop,42.4,Diversity Index
41007950200,Clatsop,21.2,Diversity Index
41007950300,Clatsop,46.8,Diversity Index
41007950400,Clatsop,17.1,Diversity Index
41007950500,Clatsop,25.1,Diversity Index
41007950600,Clatsop,24.8,Diversity Index
41007950700,Clatsop,26.3,Diversity Index
41007951300,Clatsop,15.3,Diversity Index
41007951200,Clatsop,20.8,Diversity Index
41007950900,Clatsop,39.5,Diversity Index
41007951100,Clatsop,35.8,Diversity Index
41003010200,Benton,20.9,Diversity Index
41003000600,Benton,40.1,Diversity Index
41003010100,Benton,19.2,Diversity Index
41003000500,Benton,19,Diversity Index
41003000100,Benton,44.4,Diversity Index
41003010400,Benton,29.6,Diversity Index
41003010300,Benton,16.1,Diversity Index
41003000900,Benton,32.1,Diversity Index
41003000400,Benton,31.1,Diversity Index
41003001001,Benton,61.7,Diversity Index
41003001002,Benton,35.8,Diversity Index
41003001101,Benton,37.8,Diversity Index
41003001102,Benton,39.2,Diversity Index
41003000202,Benton,28.8,Diversity Index
41003010702,Benton,42.6,Diversity Index
41003010800,Benton,31,Diversity Index
41003010600,Benton,45.6,Diversity Index
41003010900,Benton,30,Diversity Index
41027950100,Hood River,65.8,Diversity Index
41027950200,Hood River,43.4,Diversity Index
41027950300,Hood River,55.2,Diversity Index
41027950400,Hood River,70.7,Diversity Index
41059951400,Umatilla,19,Diversity Index
41059950500,Umatilla,33.5,Diversity Index
41059950200,Umatilla,74.5,Diversity Index
41059950700,Umatilla,37.5,Diversity Index
41059950900,Umatilla,72.1,Diversity Index
41059951100,Umatilla,64.6,Diversity Index
41059950800,Umatilla,69.2,Diversity Index
41059950100,Umatilla,36.6,Diversity Index
41059951000,Umatilla,72,Diversity Index
41059950400,Umatilla,36.5,Diversity Index
41071030400,Yamhill,23.5,Diversity Index
41071030900,Yamhill,59.9,Diversity Index
41071031000,Yamhill,37.5,Diversity Index
41071030702,Yamhill,58.3,Diversity Index
41071030801,Yamhill,65.6,Diversity Index
41071030802,Yamhill,62.3,Diversity Index
41071030501,Yamhill,57,Diversity Index
41071030202,Yamhill,58.6,Diversity Index
41071030502,Yamhill,39.6,Diversity Index
41071030701,Yamhill,43.1,Diversity Index
41071030201,Yamhill,49.9,Diversity Index
41071030302,Yamhill,18.6,Diversity Index
41071030102,Yamhill,29.7,Diversity Index
41071030602,Yamhill,41.3,Diversity Index
41071030601,Yamhill,61.5,Diversity Index
41071030101,Yamhill,30,Diversity Index
41071030301,Yamhill,41.1,Diversity Index
41059940000,Umatilla,61.1,Diversity Index
41059951200,Umatilla,71.4,Diversity Index
41059951300,Umatilla,66.1,Diversity Index
41059950300,Umatilla,27.9,Diversity Index
41059950600,Umatilla,38.5,Diversity Index
41057960200,Tillamook,15.9,Diversity Index
41057960300,Tillamook,23.3,Diversity Index
41057960700,Tillamook,20.9,Diversity Index
41057960100,Tillamook,21.9,Diversity Index
41057960400,Tillamook,42,Diversity Index
41057960500,Tillamook,49.6,Diversity Index
41057960600,Tillamook,23.3,Diversity Index
41057960800,Tillamook,28.1,Diversity Index
41039000404,Lane,32,Diversity Index
41029002800,Jackson,20.2,Diversity Index
41029002900,Jackson,20.5,Diversity Index
41029001700,Jackson,44.8,Diversity Index
41029000602,Jackson,34.2,Diversity Index
41029000700,Jackson,42.7,Diversity Index
41029000800,Jackson,46.7,Diversity Index
41029001200,Jackson,39.8,Diversity Index
41029001302,Jackson,58.3,Diversity Index
41029001500,Jackson,16.3,Diversity Index
41029001301,Jackson,54.6,Diversity Index
41029000300,Jackson,58.9,Diversity Index
41029001100,Jackson,31.9,Diversity Index
41029000601,Jackson,28.7,Diversity Index
41029002500,Jackson,20.4,Diversity Index
41029002100,Jackson,20.6,Diversity Index
41029002200,Jackson,21.2,Diversity Index
41029000900,Jackson,32.5,Diversity Index
41029002400,Jackson,36.2,Diversity Index
41029002700,Jackson,19.2,Diversity Index
41029003001,Jackson,19.3,Diversity Index
41029001800,Jackson,28.8,Diversity Index
41029000203,Jackson,59.3,Diversity Index
41029002600,Jackson,23.3,Diversity Index
41029001400,Jackson,26.7,Diversity Index
41039004800,Lane,40.5,Diversity Index
41039001202,Lane,25.9,Diversity Index
41039001500,Lane,24.3,Diversity Index
41039001801,Lane,30.7,Diversity Index
41039000200,Lane,15.2,Diversity Index
41039003202,Lane,41.6,Diversity Index
41039001400,Lane,19.7,Diversity Index
41039000300,Lane,27.3,Diversity Index
41039003600,Lane,30.6,Diversity Index
41039000403,Lane,28.8,Diversity Index
41039003400,Lane,49.3,Diversity Index
41039001600,Lane,22.1,Diversity Index
41039000100,Lane,17.8,Diversity Index
41039002102,Lane,50.3,Diversity Index
41053020204,Polk,23,Diversity Index
41053020203,Polk,24,Diversity Index
41053020400,Polk,38.8,Diversity Index
41053020302,Polk,69.5,Diversity Index
41053005202,Polk,41.7,Diversity Index
41053005201,Polk,39.3,Diversity Index
41029002000,Jackson,26.7,Diversity Index
41029003002,Jackson,19.9,Diversity Index
41029000100,Jackson,69.6,Diversity Index
41029002300,Jackson,18.4,Diversity Index
41029000202,Jackson,67.6,Diversity Index
41029001900,Jackson,42.3,Diversity Index
41029000201,Jackson,67.6,Diversity Index
41029000406,Jackson,41.3,Diversity Index
41039000902,Lane,16.4,Diversity Index
41039001002,Lane,24.5,Diversity Index
41039003500,Lane,31.8,Diversity Index
41039004401,Lane,50.3,Diversity Index
41039001001,Lane,16.5,Diversity Index
41039004300,Lane,47.4,Diversity Index
41039004200,Lane,51.2,Diversity Index
41039001201,Lane,27.7,Diversity Index
41039003102,Lane,43.2,Diversity Index
41039005300,Lane,26.4,Diversity Index
41039002800,Lane,41,Diversity Index
41053005100,Polk,64.4,Diversity Index
41053020202,Polk,27.3,Diversity Index
41053005300,Polk,35.2,Diversity Index
41053020304,Polk,49.5,Diversity Index
41053020303,Polk,47.8,Diversity Index
41053020500,Polk,21,Diversity Index
41029000502,Jackson,45.1,Diversity Index
41029001002,Jackson,40.3,Diversity Index
41029000404,Jackson,26.2,Diversity Index
41029001602,Jackson,50.2,Diversity Index
41029001601,Jackson,59.6,Diversity Index
41029000501,Jackson,44.5,Diversity Index
41029000403,Jackson,23.9,Diversity Index
41029000405,Jackson,41.4,Diversity Index
41029001001,Jackson,35.3,Diversity Index
41039003800,Lane,45.8,Diversity Index
41039004000,Lane,42.8,Diversity Index
41039002401,Lane,24.7,Diversity Index
41039001904,Lane,43.7,Diversity Index
41039002600,Lane,43.3,Diversity Index
41039001804,Lane,28.7,Diversity Index
41039001101,Lane,28.9,Diversity Index
41039001102,Lane,21.2,Diversity Index
41039002903,Lane,28.5,Diversity Index
41039002301,Lane,36.7,Diversity Index
41039004501,Lane,34.9,Diversity Index
41039003301,Lane,50.6,Diversity Index
41039000706,Lane,16.3,Diversity Index
41039002403,Lane,25.5,Diversity Index
41039002700,Lane,43.1,Diversity Index
41039005400,Lane,25.5,Diversity Index
41039002501,Lane,39,Diversity Index
41039001903,Lane,44.2,Diversity Index
41039003900,Lane,41,Diversity Index
41039001700,Lane,19,Diversity Index
41039000903,Lane,23,Diversity Index
41039000702,Lane,16.9,Diversity Index
41039001301,Lane,23.3,Diversity Index
41039000402,Lane,23.4,Diversity Index
41039004403,Lane,53,Diversity Index
41039002001,Lane,25.5,Diversity Index
41039004100,Lane,28.5,Diversity Index
41039002202,Lane,29.4,Diversity Index
41039000904,Lane,25.4,Diversity Index
41039003101,Lane,32.7,Diversity Index
41039002101,Lane,43.8,Diversity Index
41039001302,Lane,26.2,Diversity Index
41039000800,Lane,17.1,Diversity Index
41039000500,Lane,15.3,Diversity Index
41039005100,Lane,35.6,Diversity Index
41039005200,Lane,22.5,Diversity Index
41039004700,Lane,26.8,Diversity Index
41039004900,Lane,27.8,Diversity Index
41039004600,Lane,29.6,Diversity Index
41039002002,Lane,37.5,Diversity Index
41039005000,Lane,30.6,Diversity Index
41039002404,Lane,34.2,Diversity Index
41039002902,Lane,32.3,Diversity Index
41039002201,Lane,25.9,Diversity Index
41039003201,Lane,46.7,Diversity Index
41039003000,Lane,27.7,Diversity Index
41039001902,Lane,48.5,Diversity Index
41039001803,Lane,27,Diversity Index
41039003700,Lane,38.3,Diversity Index
41039002302,Lane,31.8,Diversity Index
41039000708,Lane,20.7,Diversity Index
41039000707,Lane,22.4,Diversity Index
41025960200,Harney,19.4,Diversity Index
41039002504,Lane,48.9,Diversity Index
41039004405,Lane,28.3,Diversity Index
41039003302,Lane,44.5,Diversity Index
41039002904,Lane,35.4,Diversity Index
41039004502,Lane,43.8,Diversity Index
41039000705,Lane,26.2,Diversity Index
41039002503,Lane,40.8,Diversity Index
41039004404,Lane,31.1,Diversity Index
41063960200,Wallowa,11.5,Diversity Index
41063960300,Wallowa,13.6,Diversity Index
41063960100,Wallowa,12.6,Diversity Index
41013950400,Crook,16.6,Diversity Index
41013950100,Crook,27.5,Diversity Index
41013950200,Crook,28.3,Diversity Index
41013950300,Crook,32.3,Diversity Index
41025960100,Harney,26.1,Diversity Index
41041950800,Lincoln,32,Diversity Index
41041950900,Lincoln,55.2,Diversity Index
41041951000,Lincoln,60.6,Diversity Index
41041951100,Lincoln,40.7,Diversity Index
41041951200,Lincoln,18.4,Diversity Index
41041950100,Lincoln,24.8,Diversity Index
41041950400,Lincoln,48.7,Diversity Index
41041951800,Lincoln,44.8,Diversity Index
41041951300,Lincoln,22.4,Diversity Index
41041951400,Lincoln,26,Diversity Index
41041951500,Lincoln,14.4,Diversity Index
41041951600,Lincoln,20.8,Diversity Index
41041951700,Lincoln,22.6,Diversity Index
41041950602,Lincoln,23.9,Diversity Index
41041950304,Lincoln,47.5,Diversity Index
41041950303,Lincoln,31.4,Diversity Index
41041950601,Lincoln,20.2,Diversity Index
41015950100,Curry,20.3,Diversity Index
41015950302,Curry,27.1,Diversity Index
41015950301,Curry,29.7,Diversity Index
41015950200,Curry,21,Diversity Index
41015950400,Curry,33.3,Diversity Index
41051001202,Multnomah,25.2,Diversity Index
41051001301,Multnomah,27.2,Diversity Index
41051001302,Multnomah,29.3,Diversity Index
41051001400,Multnomah,30.4,Diversity Index
41051001500,Multnomah,23.4,Diversity Index
41051001601,Multnomah,40.5,Diversity Index
41051001602,Multnomah,64.2,Diversity Index
41051001701,Multnomah,49.7,Diversity Index
41051001702,Multnomah,57,Diversity Index
41021960100,Gilliam,17.2,Diversity Index
41061970600,Union,20.1,Diversity Index
41061970100,Union,14.9,Diversity Index
41061970300,Union,19.5,Diversity Index
41061970200,Union,16.1,Diversity Index
41061970400,Union,16.3,Diversity Index
41051001801,Multnomah,43.1,Diversity Index
41051001802,Multnomah,27,Diversity Index
41051001900,Multnomah,22.9,Diversity Index
41051002000,Multnomah,29.2,Diversity Index
41051002100,Multnomah,37.8,Diversity Index
41051002401,Multnomah,35.4,Diversity Index
41051002402,Multnomah,35,Diversity Index
41051002501,Multnomah,23.2,Diversity Index
41051002502,Multnomah,33.2,Diversity Index
41061970700,Union,32.9,Diversity Index
41061970500,Union,25.3,Diversity Index
41061970800,Union,27.5,Diversity Index
41051002600,Multnomah,20.4,Diversity Index
41051002701,Multnomah,23.8,Diversity Index
41051002702,Multnomah,31.1,Diversity Index
41051002801,Multnomah,29.8,Diversity Index
41051002802,Multnomah,33.8,Diversity Index
41051002901,Multnomah,41.6,Diversity Index
41051002902,Multnomah,44.3,Diversity Index
41051003000,Multnomah,33.1,Diversity Index
41051003100,Multnomah,34.8,Diversity Index
41051003200,Multnomah,45.2,Diversity Index
41051003301,Multnomah,66.5,Diversity Index
41051003302,Multnomah,53,Diversity Index
41051003401,Multnomah,68.2,Diversity Index
41051003402,Multnomah,63.8,Diversity Index
41051003501,Multnomah,53.3,Diversity Index
41051003502,Multnomah,38.4,Diversity Index
41051003601,Multnomah,69.2,Diversity Index
41051003602,Multnomah,61.1,Diversity Index
41051003603,Multnomah,58.7,Diversity Index
41051003701,Multnomah,67.3,Diversity Index
41009970200,Columbia,18.8,Diversity Index
41009970400,Columbia,14.4,Diversity Index
41009970900,Columbia,24.6,Diversity Index
41009970300,Columbia,20.3,Diversity Index
41009970500,Columbia,18.9,Diversity Index
41009970600,Columbia,18.9,Diversity Index
41009970700,Columbia,28,Diversity Index
41009970800,Columbia,29.6,Diversity Index
41009971000,Columbia,23.2,Diversity Index
41009971100,Columbia,16.6,Diversity Index
41051003702,Multnomah,51.4,Diversity Index
41051003801,Multnomah,52,Diversity Index
41051003802,Multnomah,50.1,Diversity Index
41051003803,Multnomah,53.8,Diversity Index
41051003901,Multnomah,71.4,Diversity Index
41051003902,Multnomah,38.4,Diversity Index
41051004001,Multnomah,79.2,Diversity Index
41051004002,Multnomah,39.7,Diversity Index
41011000502,Coos,28.9,Diversity Index
41011000100,Coos,18.8,Diversity Index
41011001000,Coos,21.3,Diversity Index
41011000400,Coos,28.9,Diversity Index
41011001100,Coos,25,Diversity Index
41011000600,Coos,28.3,Diversity Index
41011000700,Coos,35,Diversity Index
41011000300,Coos,33,Diversity Index
41011000900,Coos,25.4,Diversity Index
41051004101,Multnomah,78.3,Diversity Index
41051004102,Multnomah,58.1,Diversity Index
41051004200,Multnomah,50,Diversity Index
41051980000,Multnomah,21.9,Diversity Index
41051004500,Multnomah,25.1,Diversity Index
41051004601,Multnomah,20.1,Diversity Index
41045970300,Malheur,60.8,Diversity Index
41045970400,Malheur,83.3,Diversity Index
41045970600,Malheur,42.9,Diversity Index
41045970200,Malheur,64.3,Diversity Index
41045970500,Malheur,75.7,Diversity Index
41045970700,Malheur,41.4,Diversity Index
41011000200,Coos,17.4,Diversity Index
41011000800,Coos,21.6,Diversity Index
41011000504,Coos,40.4,Diversity Index
41011000503,Coos,47.7,Diversity Index
41051004602,Multnomah,23.3,Diversity Index
41051004700,Multnomah,29.3,Diversity Index
41051004800,Multnomah,32.2,Diversity Index
41051004900,Multnomah,38.2,Diversity Index
41051005000,Multnomah,28.8,Diversity Index
41051005100,Multnomah,41.7,Diversity Index
41051005200,Multnomah,36.2,Diversity Index
41051005500,Multnomah,44.8,Diversity Index
41051005600,Multnomah,46.3,Diversity Index
41045940000,Malheur,0,Diversity Index
41045970900,Malheur,45.7,Diversity Index
41051005700,Multnomah,40.8,Diversity Index
41051005800,Multnomah,30.3,Diversity Index
41051005900,Multnomah,33.4,Diversity Index
41051006001,Multnomah,25.7,Diversity Index
41051006002,Multnomah,22.6,Diversity Index
41051006100,Multnomah,23.8,Diversity Index
41051006200,Multnomah,23.4,Diversity Index
41051006501,Multnomah,32.7,Diversity Index
41051006502,Multnomah,33,Diversity Index
41051006601,Multnomah,24.1,Diversity Index
41051006602,Multnomah,34.5,Diversity Index
41051006701,Multnomah,24,Diversity Index
41051006702,Multnomah,29.3,Diversity Index
41051007202,Multnomah,64.1,Diversity Index
41051007300,Multnomah,59.6,Diversity Index
41065970800,Wasco,44.1,Diversity Index
41065970100,Wasco,47.8,Diversity Index
41065970200,Wasco,47.6,Diversity Index
41065970300,Wasco,44.1,Diversity Index
41065970400,Wasco,48.9,Diversity Index
41065970500,Wasco,56,Diversity Index
41065970600,Wasco,43.4,Diversity Index
41065970700,Wasco,34,Diversity Index
41051009605,Multnomah,73.2,Diversity Index
41051009604,Multnomah,76,Diversity Index
41051010500,Multnomah,20.1,Diversity Index
41051009502,Multnomah,76.5,Diversity Index
41051004300,Multnomah,25.3,Diversity Index
41051006300,Multnomah,28,Diversity Index
41051006402,Multnomah,23.3,Diversity Index
41051006801,Multnomah,27.8,Diversity Index
41051007400,Multnomah,80.6,Diversity Index
41051007500,Multnomah,68.9,Diversity Index
41051007600,Multnomah,81.6,Diversity Index
41051007700,Multnomah,66.4,Diversity Index
41051007900,Multnomah,69.3,Diversity Index
41051008001,Multnomah,54.3,Diversity Index
41051008002,Multnomah,57.3,Diversity Index
41051008100,Multnomah,65.6,Diversity Index
41051008201,Multnomah,55,Diversity Index
41051008202,Multnomah,61.5,Diversity Index
41019110000,Douglas,15.8,Diversity Index
41019020000,Douglas,24.1,Diversity Index
41019030000,Douglas,21.8,Diversity Index
41019080000,Douglas,22.2,Diversity Index
41019120000,Douglas,29.2,Diversity Index
41019130000,Douglas,26.6,Diversity Index
41019140000,Douglas,27.7,Diversity Index
41019160000,Douglas,22.4,Diversity Index
41019150000,Douglas,24.2,Diversity Index
41019050001,Douglas,17.7,Diversity Index
41019010000,Douglas,20.3,Diversity Index
41019060000,Douglas,18.5,Diversity Index
41019210000,Douglas,26.2,Diversity Index
41019090000,Douglas,23.4,Diversity Index
41051006802,Multnomah,23.7,Diversity Index
41051006900,Multnomah,22.7,Diversity Index
41051007000,Multnomah,37.7,Diversity Index
41051007201,Multnomah,32,Diversity Index
41051008600,Multnomah,69.9,Diversity Index
41051008902,Multnomah,56.9,Diversity Index
41051008901,Multnomah,51.8,Diversity Index
41051009201,Multnomah,67.2,Diversity Index
41051008301,Multnomah,76.3,Diversity Index
41051008302,Multnomah,67.8,Diversity Index
41051008400,Multnomah,66.6,Diversity Index
41051008500,Multnomah,65.8,Diversity Index
41051008700,Multnomah,52.4,Diversity Index
41051009000,Multnomah,69.6,Diversity Index
41051009102,Multnomah,62.1,Diversity Index
41051009202,Multnomah,66.7,Diversity Index
41051009603,Multnomah,67.4,Diversity Index
41019050002,Douglas,25.8,Diversity Index
41019040000,Douglas,23.7,Diversity Index
41019070000,Douglas,16.1,Diversity Index
41019180000,Douglas,24.2,Diversity Index
41019190000,Douglas,24.7,Diversity Index
41019200000,Douglas,29.1,Diversity Index
41019100000,Douglas,20.7,Diversity Index
41019170000,Douglas,20.2,Diversity Index
41051009302,Multnomah,64.4,Diversity Index
41051009803,Multnomah,61.6,Diversity Index
41051009903,Multnomah,38.6,Diversity Index
41051010200,Multnomah,63.7,Diversity Index
41051010304,Multnomah,80.5,Diversity Index
41051010306,Multnomah,43.9,Diversity Index
41051010402,Multnomah,32.6,Diversity Index
41051010407,Multnomah,49.7,Diversity Index
41051009400,Multnomah,47.8,Diversity Index
41051009501,Multnomah,71.4,Diversity Index
41051009701,Multnomah,69.1,Diversity Index
41051010408,Multnomah,51.3,Diversity Index
41051007100,Multnomah,28.7,Diversity Index
41051009301,Multnomah,75.8,Diversity Index
41051010002,Multnomah,47.6,Diversity Index
41051010305,Multnomah,32.6,Diversity Index
41051009101,Multnomah,68.9,Diversity Index
41051009804,Multnomah,55.3,Diversity Index
41051010100,Multnomah,54.6,Diversity Index
41051009606,Multnomah,81.3,Diversity Index
41051009702,Multnomah,69.2,Diversity Index
41051009801,Multnomah,75.4,Diversity Index
41051010001,Multnomah,66.9,Diversity Index
41051010303,Multnomah,53.6,Diversity Index
41051010405,Multnomah,59.9,Diversity Index
41051010409,Multnomah,38.2,Diversity Index
41051006404,Multnomah,31.2,Diversity Index
41051009905,Multnomah,41.9,Diversity Index
41051009907,Multnomah,50,Diversity Index
41051010411,Multnomah,60.6,Diversity Index
41051006403,Multnomah,48.9,Diversity Index
41051010410,Multnomah,58.1,Diversity Index
41055950100,Sherman,22.7,Diversity Index
41051002903,Multnomah,63.5,Diversity Index
41051007800,Multnomah,60.3,Diversity Index
41051008800,Multnomah,56.7,Diversity Index
41051000100,Multnomah,26.3,Diversity Index
41051000200,Multnomah,29.3,Diversity Index
41051000301,Multnomah,36.2,Diversity Index
41051009904,Multnomah,51.6,Diversity Index
41051009906,Multnomah,35.2,Diversity Index
41051010600,Multnomah,47.6,Diversity Index
41051002303,Multnomah,46.8,Diversity Index
41051002203,Multnomah,55.4,Diversity Index
41031960100,Jefferson,43.7,Diversity Index
41031940000,Jefferson,30.5,Diversity Index
41031960302,Jefferson,52.8,Diversity Index
41031960202,Jefferson,65.6,Diversity Index
41031960201,Jefferson,79.9,Diversity Index
41031960301,Jefferson,13.5,Diversity Index
41051000302,Multnomah,19.9,Diversity Index
41051000401,Multnomah,28.8,Diversity Index
41051000402,Multnomah,41.6,Diversity Index
41051000501,Multnomah,43,Diversity Index
41051000502,Multnomah,56.1,Diversity Index
41051000601,Multnomah,70.7,Diversity Index
41051000602,Multnomah,69.9,Diversity Index
41051000701,Multnomah,48.9,Diversity Index
41037960200,Lake,32.3,Diversity Index
41037960100,Lake,24.3,Diversity Index
41043030600,Linn,27.7,Diversity Index
41043030300,Linn,18.2,Diversity Index
41043020100,Linn,31.5,Diversity Index
41043020200,Linn,25.8,Diversity Index
41043030700,Linn,25,Diversity Index
41043020300,Linn,31.1,Diversity Index
41043020600,Linn,39,Diversity Index
41043030100,Linn,19.5,Diversity Index
41043030500,Linn,19.5,Diversity Index
41043030902,Linn,25.6,Diversity Index
41043020500,Linn,46.4,Diversity Index
41043030401,Linn,19.6,Diversity Index
41043030903,Linn,22.8,Diversity Index
41043030200,Linn,23.3,Diversity Index
41043020400,Linn,42.5,Diversity Index
41043030800,Linn,26.5,Diversity Index
41043030402,Linn,21.1,Diversity Index
41043030904,Linn,27.1,Diversity Index
41051000702,Multnomah,55.9,Diversity Index
41051000801,Multnomah,37.8,Diversity Index
41051000802,Multnomah,46.2,Diversity Index
41051000901,Multnomah,29.5,Diversity Index
41051000902,Multnomah,51,Diversity Index
41051001000,Multnomah,31.8,Diversity Index
41051001101,Multnomah,34.6,Diversity Index
41051001102,Multnomah,28.6,Diversity Index
41051001201,Multnomah,29.2,Diversity Index
41043020700,Linn,44.3,Diversity Index
41043020802,Linn,58.9,Diversity Index
41043020801,Linn,49.8,Diversity Index
41005022907,Clackamas,76.4,Diversity Index
41005022904,Clackamas,58.4,Diversity Index
41005022905,Clackamas,40.9,Diversity Index
41005023002,Clackamas,20.7,Diversity Index
41005023001,Clackamas,18.9,Diversity Index
41005023403,Clackamas,27,Diversity Index
41005023404,Clackamas,26,Diversity Index
41005023902,Clackamas,45.8,Diversity Index
41005023901,Clackamas,41.1,Diversity Index
41005024303,Clackamas,26.8,Diversity Index
41005024304,Clackamas,20,Diversity Index
41067031909,Washington,44.3,Diversity Index
41067031812,Washington,49.4,Diversity Index
41067031912,Washington,56.6,Diversity Index
41067031616,Washington,60.1,Diversity Index
41067031609,Washington,64,Diversity Index
41067032700,Washington,28.9,Diversity Index
41067031509,Washington,56.9,Diversity Index
41067031514,Washington,55,Diversity Index
41067031513,Washington,58.2,Diversity Index
41067030101,Washington,34.8,Diversity Index
41067030102,Washington,41.5,Diversity Index
41067031615,Washington,72.2,Diversity Index
41067032408,Washington,56.1,Diversity Index
41067032608,Washington,48.9,Diversity Index
41067032610,Washington,52.6,Diversity Index
41067031805,Washington,46,Diversity Index
41067031814,Washington,43.1,Diversity Index
41067032107,Washington,35.8,Diversity Index
41067032104,Washington,27.7,Diversity Index
41067032001,Washington,46.9,Diversity Index
41067032410,Washington,78.9,Diversity Index
41067032502,Washington,66.9,Diversity Index
41067032501,Washington,75.5,Diversity Index
41067032409,Washington,78.5,Diversity Index
41067033302,Washington,31.4,Diversity Index
41067032606,Washington,67.7,Diversity Index
41067031614,Washington,69.6,Diversity Index
41067032407,Washington,57.1,Diversity Index
41067032108,Washington,42.4,Diversity Index
41067033301,Washington,49.3,Diversity Index
41067031815,Washington,49.3,Diversity Index
41067031617,Washington,65,Diversity Index
41067032800,Washington,28.7,Diversity Index
41067032110,Washington,30.5,Diversity Index
41067032109,Washington,28.8,Diversity Index
41067032003,Washington,72,Diversity Index
41067032004,Washington,49.1,Diversity Index
41067032005,Washington,80.4,Diversity Index
41067030806,Washington,59,Diversity Index
41067032607,Washington,46.2,Diversity Index
41067032609,Washington,52.6,Diversity Index
41067033101,Washington,45.2,Diversity Index
41067033102,Washington,69.8,Diversity Index
41067032901,Washington,76.1,Diversity Index
41005022103,Clackamas,49.2,Diversity Index
41005020304,Clackamas,37,Diversity Index
41005020303,Clackamas,31.2,Diversity Index
41005021801,Clackamas,24.8,Diversity Index
41005021802,Clackamas,46.2,Diversity Index
41005020503,Clackamas,20.6,Diversity Index
41005023201,Clackamas,18.8,Diversity Index
41005024100,Clackamas,14.6,Diversity Index
41005023500,Clackamas,29.3,Diversity Index
41005023600,Clackamas,20,Diversity Index
41005024200,Clackamas,23.6,Diversity Index
41005024000,Clackamas,15.1,Diversity Index
41005024302,Clackamas,29.6,Diversity Index
41005023700,Clackamas,16.3,Diversity Index
41005020100,Clackamas,25.5,Diversity Index
41005020200,Clackamas,22.2,Diversity Index
41005020302,Clackamas,34.1,Diversity Index
41067033200,Washington,76.2,Diversity Index
41005020401,Clackamas,26.1,Diversity Index
41005020404,Clackamas,21.4,Diversity Index
41005020501,Clackamas,28.8,Diversity Index
41005020504,Clackamas,21.8,Diversity Index
41005020600,Clackamas,25.3,Diversity Index
41005020700,Clackamas,23.8,Diversity Index
41067031504,Washington,37.7,Diversity Index
41067031611,Washington,64.6,Diversity Index
41067031705,Washington,76.2,Diversity Index
41067031610,Washington,63.2,Diversity Index
41067031511,Washington,52.4,Diversity Index
41067031403,Washington,62.6,Diversity Index
41067032103,Washington,33.3,Diversity Index
41067031612,Washington,65,Diversity Index
41005020800,Clackamas,27,Diversity Index
41005020900,Clackamas,31.3,Diversity Index
41005021000,Clackamas,33.2,Diversity Index
41005021100,Clackamas,35.8,Diversity Index
41005021200,Clackamas,36.5,Diversity Index
41005021500,Clackamas,30.3,Diversity Index
41067030300,Washington,22.5,Diversity Index
41067030401,Washington,42.7,Diversity Index
41067030402,Washington,42,Diversity Index
41067030501,Washington,36.8,Diversity Index
41067030600,Washington,39.8,Diversity Index
41067031512,Washington,55.9,Diversity Index
41067031300,Washington,74.4,Diversity Index
41005021601,Clackamas,56.5,Diversity Index
41005021602,Clackamas,53.4,Diversity Index
41005022101,Clackamas,39.8,Diversity Index
41005022201,Clackamas,71.6,Diversity Index
41005022602,Clackamas,20.5,Diversity Index
41005022400,Clackamas,23.7,Diversity Index
41067031404,Washington,57.4,Diversity Index
41067031402,Washington,75.6,Diversity Index
41067031806,Washington,56.3,Diversity Index
41067031807,Washington,49.6,Diversity Index
41067031904,Washington,38.1,Diversity Index
41067032406,Washington,61.3,Diversity Index
41067032200,Washington,31,Diversity Index
41067032300,Washington,62.5,Diversity Index
41067032603,Washington,43.9,Diversity Index
41067032404,Washington,54.7,Diversity Index
41067032503,Washington,62.2,Diversity Index
41067032604,Washington,68.4,Diversity Index
41067031606,Washington,72,Diversity Index
41067031613,Washington,72.6,Diversity Index
41005022500,Clackamas,30.6,Diversity Index
41005022901,Clackamas,26.7,Diversity Index
41005022702,Clackamas,24.1,Diversity Index
41005023202,Clackamas,29.3,Diversity Index
41005021700,Clackamas,34.1,Diversity Index
41005021900,Clackamas,39.4,Diversity Index
41005022000,Clackamas,28.7,Diversity Index
41005021400,Clackamas,32.1,Diversity Index
41067031706,Washington,76.6,Diversity Index
41067031703,Washington,64.6,Diversity Index
41067031704,Washington,58.3,Diversity Index
41067031804,Washington,58.1,Diversity Index
41067030200,Washington,30.1,Diversity Index
41067030900,Washington,73,Diversity Index
41005021300,Clackamas,35,Diversity Index
41005023100,Clackamas,17.8,Diversity Index
41005023300,Clackamas,23.1,Diversity Index
41005023401,Clackamas,36.3,Diversity Index
41005022800,Clackamas,16.3,Diversity Index
41005023800,Clackamas,32.5,Diversity Index
41005980000,Clackamas,59.6,Diversity Index
41005020505,Clackamas,16,Diversity Index
41005020403,Clackamas,17.6,Diversity Index
41005022107,Clackamas,49.1,Diversity Index
41005022105,Clackamas,45,Diversity Index
41005022108,Clackamas,52.6,Diversity Index
41067031003,Washington,46.8,Diversity Index
41067031004,Washington,42.3,Diversity Index
41067031005,Washington,74.8,Diversity Index
41067031006,Washington,62.9,Diversity Index
41067031100,Washington,75.6,Diversity Index
41005022206,Clackamas,48.7,Diversity Index
41005022205,Clackamas,44.8,Diversity Index
41005022208,Clackamas,44.5,Diversity Index
41005022207,Clackamas,42,Diversity Index
41005022301,Clackamas,21.7,Diversity Index
41005022708,Clackamas,50.5,Diversity Index
41005022302,Clackamas,25.6,Diversity Index
41005022606,Clackamas,23.5,Diversity Index
41067031200,Washington,77.5,Diversity Index
41067031507,Washington,46.7,Diversity Index
41067031508,Washington,41.9,Diversity Index
41067030502,Washington,36.5,Diversity Index
41067032902,Washington,79.5,Diversity Index
41067030803,Washington,33.1,Diversity Index
41067031506,Washington,45,Diversity Index
41023960200,Grant,16.1,Diversity Index
41023960100,Grant,17.1,Diversity Index
41005022605,Clackamas,29.9,Diversity Index
41005022603,Clackamas,42.4,Diversity Index
41005022707,Clackamas,38.4,Diversity Index
41005022710,Clackamas,51.2,Diversity Index
41005024400,Clackamas,45.7,Diversity Index
41005022906,Clackamas,42.6,Diversity Index
41067030700,Washington,63.7,Diversity Index
41067030801,Washington,55.2,Diversity Index
41067033000,Washington,33.5,Diversity Index
41067033400,Washington,18.5,Diversity Index
41067033500,Washington,22.3,Diversity Index
41067033600,Washington,21.4,Diversity Index
41067031911,Washington,44.7,Diversity Index
41067031910,Washington,46.4,Diversity Index
41067030805,Washington,30.8,Diversity Index
41067031907,Washington,37.5,Diversity Index
41067031908,Washington,46.2,Diversity Index
41067031813,Washington,45.5,Diversity Index
41047010801,Marion,38.9,Diversity Index
41047010802,Marion,42.3,Diversity Index
41047010702,Marion,22.7,Diversity Index
41047001501,Marion,39.5,Diversity Index
41047010501,Marion,20.6,Diversity Index
41047001200,Marion,39.4,Diversity Index
41047001300,Marion,34.1,Diversity Index
41047010400,Marion,63.6,Diversity Index
41047000900,Marion,62.5,Diversity Index
41047001601,Marion,73.3,Diversity Index
41047001702,Marion,78.1,Diversity Index
41047002800,Marion,31.1,Diversity Index
41047001703,Marion,61.6,Diversity Index
41047001603,Marion,73.9,Diversity Index
41047002301,Marion,33.5,Diversity Index
41047010303,Marion,79,Diversity Index
41047001000,Marion,68.1,Diversity Index
41047001801,Marion,76.8,Diversity Index
41047010304,Marion,83.7,Diversity Index
41047010502,Marion,38.6,Diversity Index
41047010100,Marion,55.3,Diversity Index
41047001503,Marion,73.8,Diversity Index
41047001701,Marion,79.3,Diversity Index
41047000200,Marion,40.4,Diversity Index
41047000600,Marion,52,Diversity Index
41047001100,Marion,41.4,Diversity Index
41047000300,Marion,69.2,Diversity Index
41047002700,Marion,25.4,Diversity Index
41047001802,Marion,76.5,Diversity Index
41047010503,Marion,38.9,Diversity Index
41047002000,Marion,37.5,Diversity Index
41047001803,Marion,61,Diversity Index
41047010701,Marion,42.8,Diversity Index
41047002400,Marion,25,Diversity Index
41047001502,Marion,65.1,Diversity Index
41047000400,Marion,75.6,Diversity Index
41047001602,Marion,82.3,Diversity Index
41047001604,Marion,80,Diversity Index
41047010600,Marion,25.1,Diversity Index
41047002600,Marion,27.8,Diversity Index
41047010305,Marion,81.3,Diversity Index
41047000502,Marion,83.1,Diversity Index
41047001401,Marion,45.8,Diversity Index
41047002502,Marion,63.8,Diversity Index
41047000501,Marion,80,Diversity Index
41047002102,Marion,37.8,Diversity Index
41047002303,Marion,36.8,Diversity Index
41047002202,Marion,30.5,Diversity Index
41047002101,Marion,37.1,Diversity Index
41047002501,Marion,38.2,Diversity Index
41047002304,Marion,34.9,Diversity Index
41047010202,Marion,65.4,Diversity Index
41047010307,Marion,63.3,Diversity Index
41047010201,Marion,42.2,Diversity Index
41047002201,Marion,30.3,Diversity Index
41069960100,Wheeler,21.7,Diversity Index
41047010306,Marion,82.9,Diversity Index
41047001402,Marion,46.3,Diversity Index
41047000701,Marion,72.6,Diversity Index
41035970200,Klamath,43.8,Diversity Index
41035970100,Klamath,17.9,Diversity Index
41035970300,Klamath,23.7,Diversity Index
41035970800,Klamath,30.7,Diversity Index
41035970900,Klamath,28.9,Diversity Index
41035971000,Klamath,18.5,Diversity Index
41035971100,Klamath,38.1,Diversity Index
41035971200,Klamath,47.3,Diversity Index
41035971400,Klamath,39.9,Diversity Index
41035971500,Klamath,51.4,Diversity Index
41035971600,Klamath,70.7,Diversity Index
41035971700,Klamath,58.5,Diversity Index
41035971800,Klamath,41.1,Diversity Index
41035972000,Klamath,28.7,Diversity Index
41035971300,Klamath,31.7,Diversity Index
41035971900,Klamath,41.3,Diversity Index
41035970500,Klamath,36.8,Diversity Index
41035970600,Klamath,69.6,Diversity Index
41035970700,Klamath,60.1,Diversity Index
41035970400,Klamath,43.9,Diversity Index
41017001200,Deschutes,20.1,Diversity Index
41017001300,Deschutes,18.7,Diversity Index
41017001400,Deschutes,15.4,Diversity Index
41017001500,Deschutes,45.6,Diversity Index
41017001700,Deschutes,29.5,Diversity Index
41017002000,Deschutes,33.6,Diversity Index
41017002100,Deschutes,33.6,Diversity Index
41017001600,Deschutes,46.3,Diversity Index
41017001100,Deschutes,19.6,Diversity Index
41017000700,Deschutes,30.6,Diversity Index
41017000800,Deschutes,32.3,Diversity Index
41017000900,Deschutes,47,Diversity Index
41017001800,Deschutes,40.4,Diversity Index
41017000100,Deschutes,13.4,Diversity Index
41017000200,Deschutes,19.2,Diversity Index
41017000300,Deschutes,17.9,Diversity Index
41017000500,Deschutes,19,Diversity Index
41017000600,Deschutes,14.5,Diversity Index
41017000402,Deschutes,11.6,Diversity Index
41017001902,Deschutes,31.8,Diversity Index
41017001901,Deschutes,15.4,Diversity Index
41017001002,Deschutes,18.3,Diversity Index
41017001001,Deschutes,36.1,Diversity Index
41017000401,Deschutes,24.1,Diversity Index
41001950200,Baker,18.7,Diversity Index
41001950300,Baker,16.5,Diversity Index
41001950400,Baker,16.2,Diversity Index
41001950500,Baker,17.5,Diversity Index
41001950600,Baker,11.5,Diversity Index
41001950100,Baker,15.3,Diversity Index
41033361400,Josephine,21.9,Diversity Index
41033360400,Josephine,19.4,Diversity Index
41033361600,Josephine,25.9,Diversity Index
41033360100,Josephine,21,Diversity Index
41033361500,Josephine,21.1,Diversity Index
41033360900,Josephine,20.2,Diversity Index
41033361200,Josephine,28,Diversity Index
41033361300,Josephine,21,Diversity Index
41033360702,Josephine,29.8,Diversity Index
41033360300,Josephine,21.2,Diversity Index
41033360701,Josephine,34.2,Diversity Index
41033361100,Josephine,29.2,Diversity Index
41033361000,Josephine,19.8,Diversity Index
41033360800,Josephine,22,Diversity Index
41033360600,Josephine,28.5,Diversity Index
41033360500,Josephine,32.9,Diversity Index
41049970100,Morrow,42364,Median Household Income
41049970200,Morrow,65294,Median Household Income
41007950100,Clatsop,39438,Median Household Income
41007950200,Clatsop,47621,Median Household Income
41007950300,Clatsop,39737,Median Household Income
41007950400,Clatsop,69333,Median Household Income
41007950500,Clatsop,31622,Median Household Income
41007950600,Clatsop,64375,Median Household Income
41007950700,Clatsop,72188,Median Household Income
41007951300,Clatsop,63300,Median Household Income
41007951200,Clatsop,58958,Median Household Income
41007950900,Clatsop,42663,Median Household Income
41007951100,Clatsop,28426,Median Household Income
41003010200,Benton,82102,Median Household Income
41003000600,Benton,37667,Median Household Income
41003010100,Benton,84956,Median Household Income
41003000500,Benton,74833,Median Household Income
41003000100,Benton,37390,Median Household Income
41003010400,Benton,65781,Median Household Income
41003010300,Benton,81354,Median Household Income
41003000900,Benton,113214,Median Household Income
41003000400,Benton,100956,Median Household Income
41003001001,Benton,50208,Median Household Income
41003001002,Benton,55357,Median Household Income
41003001101,Benton,53807,Median Household Income
41003001102,Benton,38167,Median Household Income
41003000202,Benton,96023,Median Household Income
41003010702,Benton,48621,Median Household Income
41003010800,Benton,65898,Median Household Income
41003010600,Benton,23958,Median Household Income
41003010900,Benton,94853,Median Household Income
41027950100,Hood River,51250,Median Household Income
41027950200,Hood River,84543,Median Household Income
41027950300,Hood River,43796,Median Household Income
41027950400,Hood River,46034,Median Household Income
41059951400,Umatilla,52667,Median Household Income
41059950500,Umatilla,55313,Median Household Income
41059950200,Umatilla,34875,Median Household Income
41059950700,Umatilla,37458,Median Household Income
41059950900,Umatilla,37454,Median Household Income
41059951100,Umatilla,40243,Median Household Income
41059950800,Umatilla,47917,Median Household Income
41059950100,Umatilla,54327,Median Household Income
41059951000,Umatilla,48043,Median Household Income
41059950400,Umatilla,78571,Median Household Income
41071030400,Yamhill,71580,Median Household Income
41071030900,Yamhill,52500,Median Household Income
41071031000,Yamhill,49345,Median Household Income
41071030702,Yamhill,38325,Median Household Income
41071030801,Yamhill,41715,Median Household Income
41071030802,Yamhill,20000,Median Household Income
41071030501,Yamhill,62670,Median Household Income
41071030202,Yamhill,33368,Median Household Income
41071030502,Yamhill,44808,Median Household Income
41071030701,Yamhill,74255,Median Household Income
41071030201,Yamhill,38167,Median Household Income
41071030302,Yamhill,108000,Median Household Income
41071030102,Yamhill,76674,Median Household Income
41071030602,Yamhill,78098,Median Household Income
41071030601,Yamhill,45694,Median Household Income
41071030101,Yamhill,69167,Median Household Income
41071030301,Yamhill,75378,Median Household Income
41059940000,Umatilla,58438,Median Household Income
41059951200,Umatilla,48517,Median Household Income
41059951300,Umatilla,44000,Median Household Income
41059950300,Umatilla,61667,Median Household Income
41059950600,Umatilla,75360,Median Household Income
41057960200,Tillamook,37917,Median Household Income
41057960300,Tillamook,44327,Median Household Income
41057960700,Tillamook,67143,Median Household Income
41057960100,Tillamook,29861,Median Household Income
41057960400,Tillamook,43429,Median Household Income
41057960500,Tillamook,40954,Median Household Income
41057960600,Tillamook,57031,Median Household Income
41057960800,Tillamook,35469,Median Household Income
41039000404,Lane,55370,Median Household Income
41039004800,Lane,11711,Median Household Income
41039001202,Lane,58287,Median Household Income
41039001500,Lane,40500,Median Household Income
41039001801,Lane,57292,Median Household Income
41039000200,Lane,58068,Median Household Income
41039003202,Lane,31652,Median Household Income
41039001400,Lane,44821,Median Household Income
41039000300,Lane,74559,Median Household Income
41039003600,Lane,101594,Median Household Income
41039000403,Lane,41574,Median Household Income
41039003400,Lane,22250,Median Household Income
41039001600,Lane,58088,Median Household Income
41039000100,Lane,44806,Median Household Income
41039002102,Lane,30231,Median Household Income
41053020204,Polk,58561,Median Household Income
41053020203,Polk,54125,Median Household Income
41053020400,Polk,44167,Median Household Income
41053020302,Polk,52308,Median Household Income
41053005202,Polk,64311,Median Household Income
41053005201,Polk,73155,Median Household Income
41039000902,Lane,56250,Median Household Income
41039001002,Lane,67234,Median Household Income
41039003500,Lane,64115,Median Household Income
41039004401,Lane,43461,Median Household Income
41039001001,Lane,80361,Median Household Income
41039004300,Lane,37717,Median Household Income
41039004200,Lane,30625,Median Household Income
41039001201,Lane,51250,Median Household Income
41039003102,Lane,87188,Median Household Income
41039005300,Lane,45956,Median Household Income
41039002800,Lane,55774,Median Household Income
41053005100,Polk,22264,Median Household Income
41053020202,Polk,52118,Median Household Income
41053005300,Polk,112409,Median Household Income
41053020304,Polk,74276,Median Household Income
41053020303,Polk,78142,Median Household Income
41053020500,Polk,62466,Median Household Income
41039003800,Lane,0,Median Household Income
41039004000,Lane,33262,Median Household Income
41039002401,Lane,89615,Median Household Income
41039001904,Lane,26750,Median Household Income
41039002600,Lane,50306,Median Household Income
41039001804,Lane,69271,Median Household Income
41039001101,Lane,65577,Median Household Income
41039001102,Lane,51176,Median Household Income
41039002903,Lane,104688,Median Household Income
41039002301,Lane,34471,Median Household Income
41039004501,Lane,31250,Median Household Income
41039003301,Lane,24695,Median Household Income
41039000706,Lane,36140,Median Household Income
41039002403,Lane,72432,Median Household Income
41039002700,Lane,43485,Median Household Income
41039005400,Lane,94199,Median Household Income
41039002501,Lane,49321,Median Household Income
41039001903,Lane,46630,Median Household Income
41039003900,Lane,26938,Median Household Income
41039001700,Lane,79457,Median Household Income
41039000903,Lane,66750,Median Household Income
41039000702,Lane,64375,Median Household Income
41039001301,Lane,30679,Median Household Income
41039000402,Lane,45000,Median Household Income
41039004403,Lane,26203,Median Household Income
41039002001,Lane,85339,Median Household Income
41039004100,Lane,54028,Median Household Income
41039002202,Lane,95481,Median Household Income
41039000904,Lane,48519,Median Household Income
41039003101,Lane,47432,Median Household Income
41039002101,Lane,24167,Median Household Income
41039001302,Lane,45969,Median Household Income
41039000800,Lane,43348,Median Household Income
41039000500,Lane,51875,Median Household Income
41039005100,Lane,51250,Median Household Income
41039005200,Lane,78333,Median Household Income
41039004700,Lane,83611,Median Household Income
41039004900,Lane,116630,Median Household Income
41039004600,Lane,53750,Median Household Income
41039002002,Lane,55938,Median Household Income
41039005000,Lane,63412,Median Household Income
41039002404,Lane,63493,Median Household Income
41039002902,Lane,49438,Median Household Income
41039002201,Lane,62143,Median Household Income
41039003201,Lane,32474,Median Household Income
41039003000,Lane,70602,Median Household Income
41039001902,Lane,34024,Median Household Income
41039001803,Lane,61369,Median Household Income
41039003700,Lane,88438,Median Household Income
41039002302,Lane,64756,Median Household Income
41039000708,Lane,50588,Median Household Income
41039000707,Lane,51957,Median Household Income
41025960200,Harney,41875,Median Household Income
41039002504,Lane,39750,Median Household Income
41039004405,Lane,79721,Median Household Income
41039003302,Lane,15458,Median Household Income
41039002904,Lane,55541,Median Household Income
41039004502,Lane,27462,Median Household Income
41039000705,Lane,37404,Median Household Income
41039002503,Lane,63231,Median Household Income
41039004404,Lane,83833,Median Household Income
41063960200,Wallowa,46250,Median Household Income
41063960300,Wallowa,55417,Median Household Income
41063960100,Wallowa,49107,Median Household Income
41013950400,Crook,38802,Median Household Income
41013950100,Crook,51094,Median Household Income
41013950200,Crook,50536,Median Household Income
41013950300,Crook,45701,Median Household Income
41025960100,Harney,45139,Median Household Income
41041950800,Lincoln,28542,Median Household Income
41041950900,Lincoln,44077,Median Household Income
41041951000,Lincoln,24861,Median Household Income
41041951100,Lincoln,73269,Median Household Income
41041951200,Lincoln,78194,Median Household Income
41041950100,Lincoln,49922,Median Household Income
41041950400,Lincoln,29750,Median Household Income
41041951800,Lincoln,65184,Median Household Income
41041951300,Lincoln,74659,Median Household Income
41041951400,Lincoln,23852,Median Household Income
41041951500,Lincoln,72692,Median Household Income
41041951600,Lincoln,74643,Median Household Income
41041951700,Lincoln,48125,Median Household Income
41041950602,Lincoln,58534,Median Household Income
41041950304,Lincoln,85118,Median Household Income
41041950303,Lincoln,112756,Median Household Income
41041950601,Lincoln,64490,Median Household Income
41051001202,Multnomah,130577,Median Household Income
41051001301,Multnomah,70167,Median Household Income
41051001302,Multnomah,87143,Median Household Income
41051001400,Multnomah,85893,Median Household Income
41051001500,Multnomah,83750,Median Household Income
41051001601,Multnomah,79948,Median Household Income
41051001602,Multnomah,35764,Median Household Income
41051001701,Multnomah,69038,Median Household Income
41051001702,Multnomah,44464,Median Household Income
41021960100,Gilliam,39167,Median Household Income
41061970600,Union,64375,Median Household Income
41061970100,Union,46172,Median Household Income
41061970300,Union,52031,Median Household Income
41061970200,Union,47857,Median Household Income
41061970400,Union,49342,Median Household Income
41051001801,Multnomah,38831,Median Household Income
41051001802,Multnomah,79063,Median Household Income
41051001900,Multnomah,133194,Median Household Income
41051002000,Multnomah,36333,Median Household Income
41051002100,Multnomah,33417,Median Household Income
41051002401,Multnomah,130313,Median Household Income
41051002402,Multnomah,84688,Median Household Income
41051002501,Multnomah,145313,Median Household Income
41051002502,Multnomah,82262,Median Household Income
41061970700,Union,29534,Median Household Income
41061970500,Union,41250,Median Household Income
41061970800,Union,38667,Median Household Income
41051002600,Multnomah,106316,Median Household Income
41051002701,Multnomah,128625,Median Household Income
41051002702,Multnomah,90875,Median Household Income
41051002801,Multnomah,103125,Median Household Income
41051002802,Multnomah,84688,Median Household Income
41051002901,Multnomah,50833,Median Household Income
41051002902,Multnomah,52173,Median Household Income
41051003000,Multnomah,102008,Median Household Income
41051003100,Multnomah,109643,Median Household Income
41051003200,Multnomah,75714,Median Household Income
41051003301,Multnomah,25234,Median Household Income
41051003302,Multnomah,75345,Median Household Income
41051003401,Multnomah,13517,Median Household Income
41051003402,Multnomah,49121,Median Household Income
41051003501,Multnomah,62768,Median Household Income
41051003502,Multnomah,85323,Median Household Income
41051003601,Multnomah,48333,Median Household Income
41051003602,Multnomah,51586,Median Household Income
41051003603,Multnomah,46346,Median Household Income
41051003701,Multnomah,63929,Median Household Income
41009970200,Columbia,67097,Median Household Income
41009970400,Columbia,76094,Median Household Income
41009970900,Columbia,61587,Median Household Income
41009970300,Columbia,53750,Median Household Income
41009970500,Columbia,77549,Median Household Income
41009970600,Columbia,75776,Median Household Income
41009970700,Columbia,42844,Median Household Income
41009970800,Columbia,65893,Median Household Income
41009971000,Columbia,70208,Median Household Income
41009971100,Columbia,63661,Median Household Income
41051003702,Multnomah,75795,Median Household Income
41051003801,Multnomah,64145,Median Household Income
41051003802,Multnomah,22115,Median Household Income
41051003803,Multnomah,60577,Median Household Income
41051003901,Multnomah,53192,Median Household Income
41051003902,Multnomah,64681,Median Household Income
41051004001,Multnomah,29985,Median Household Income
41051004002,Multnomah,75139,Median Household Income
41011000502,Coos,24432,Median Household Income
41011000100,Coos,46875,Median Household Income
41011001000,Coos,38438,Median Household Income
41011000400,Coos,47951,Median Household Income
41011001100,Coos,49583,Median Household Income
41011000600,Coos,80486,Median Household Income
41011000700,Coos,38858,Median Household Income
41011000300,Coos,52202,Median Household Income
41011000900,Coos,60779,Median Household Income
41051004101,Multnomah,36708,Median Household Income
41051004102,Multnomah,41336,Median Household Income
41051004200,Multnomah,64524,Median Household Income
41051980000,Multnomah,0,Median Household Income
41051004500,Multnomah,180313,Median Household Income
41051004601,Multnomah,130250,Median Household Income
41045970300,Malheur,33906,Median Household Income
41045970400,Malheur,28889,Median Household Income
41045970600,Malheur,40962,Median Household Income
41045970200,Malheur,45667,Median Household Income
41045970500,Malheur,52286,Median Household Income
41045970700,Malheur,67750,Median Household Income
41011000200,Coos,74671,Median Household Income
41011000800,Coos,50417,Median Household Income
41011000504,Coos,32375,Median Household Income
41011000503,Coos,33125,Median Household Income
41051004602,Multnomah,185795,Median Household Income
41051004700,Multnomah,93819,Median Household Income
41051004800,Multnomah,27015,Median Household Income
41051004900,Multnomah,77713,Median Household Income
41051005000,Multnomah,91583,Median Household Income
41051005100,Multnomah,23229,Median Household Income
41051005200,Multnomah,31083,Median Household Income
41051005500,Multnomah,12946,Median Household Income
41051005600,Multnomah,67788,Median Household Income
41045970900,Malheur,48485,Median Household Income
41051005700,Multnomah,49741,Median Household Income
41051005800,Multnomah,205733,Median Household Income
41051005900,Multnomah,86067,Median Household Income
41051006001,Multnomah,184750,Median Household Income
41051006002,Multnomah,120083,Median Household Income
41051006100,Multnomah,109844,Median Household Income
41051006200,Multnomah,106058,Median Household Income
41051006501,Multnomah,115729,Median Household Income
41051006502,Multnomah,76875,Median Household Income
41051006601,Multnomah,118571,Median Household Income
41051006602,Multnomah,69934,Median Household Income
41051006701,Multnomah,87188,Median Household Income
41051006702,Multnomah,71194,Median Household Income
41051007202,Multnomah,41372,Median Household Income
41051007300,Multnomah,6806,Median Household Income
41065970800,Wasco,38843,Median Household Income
41065970100,Wasco,62917,Median Household Income
41065970200,Wasco,41563,Median Household Income
41065970300,Wasco,40577,Median Household Income
41065970400,Wasco,38393,Median Household Income
41065970500,Wasco,19818,Median Household Income
41065970600,Wasco,69524,Median Household Income
41065970700,Wasco,35833,Median Household Income
41051009605,Multnomah,16806,Median Household Income
41051009604,Multnomah,29117,Median Household Income
41051010500,Multnomah,71500,Median Household Income
41051009502,Multnomah,62353,Median Household Income
41051004300,Multnomah,52813,Median Household Income
41051006300,Multnomah,163523,Median Household Income
41051006402,Multnomah,134476,Median Household Income
41051006801,Multnomah,135598,Median Household Income
41051007400,Multnomah,38220,Median Household Income
41051007500,Multnomah,36667,Median Household Income
41051007600,Multnomah,23793,Median Household Income
41051007700,Multnomah,24700,Median Household Income
41051007900,Multnomah,38269,Median Household Income
41051008001,Multnomah,57604,Median Household Income
41051008002,Multnomah,55417,Median Household Income
41051008100,Multnomah,36334,Median Household Income
41051008201,Multnomah,51429,Median Household Income
41051008202,Multnomah,34386,Median Household Income
41019110000,Douglas,74167,Median Household Income
41019020000,Douglas,49226,Median Household Income
41019030000,Douglas,38214,Median Household Income
41019080000,Douglas,83361,Median Household Income
41019120000,Douglas,23859,Median Household Income
41019130000,Douglas,47726,Median Household Income
41019140000,Douglas,37160,Median Household Income
41019160000,Douglas,43529,Median Household Income
41019150000,Douglas,42414,Median Household Income
41019050001,Douglas,46369,Median Household Income
41019010000,Douglas,31765,Median Household Income
41019060000,Douglas,55764,Median Household Income
41019210000,Douglas,39000,Median Household Income
41019090000,Douglas,34821,Median Household Income
41051006802,Multnomah,141071,Median Household Income
41051006900,Multnomah,149167,Median Household Income
41051007000,Multnomah,207708,Median Household Income
41051007201,Multnomah,18583,Median Household Income
41051008600,Multnomah,45733,Median Household Income
41051008902,Multnomah,69412,Median Household Income
41051008901,Multnomah,70884,Median Household Income
41051009201,Multnomah,31703,Median Household Income
41051008301,Multnomah,26614,Median Household Income
41051008302,Multnomah,51000,Median Household Income
41051008400,Multnomah,25398,Median Household Income
41051008500,Multnomah,33614,Median Household Income
41051008700,Multnomah,39324,Median Household Income
41051009000,Multnomah,37591,Median Household Income
41051009102,Multnomah,54020,Median Household Income
41051009202,Multnomah,45053,Median Household Income
41051009603,Multnomah,42008,Median Household Income
41019050002,Douglas,38594,Median Household Income
41019040000,Douglas,27656,Median Household Income
41019070000,Douglas,61542,Median Household Income
41019180000,Douglas,44412,Median Household Income
41019100000,Douglas,38242,Median Household Income
41019170000,Douglas,53529,Median Household Income
41051009302,Multnomah,35352,Median Household Income
41051009803,Multnomah,27773,Median Household Income
41051009903,Multnomah,100714,Median Household Income
41051010200,Multnomah,59368,Median Household Income
41051010304,Multnomah,38920,Median Household Income
41051010306,Multnomah,68281,Median Household Income
41051010402,Multnomah,93307,Median Household Income
41051010407,Multnomah,69950,Median Household Income
41051009400,Multnomah,63930,Median Household Income
41051009501,Multnomah,29777,Median Household Income
41051009701,Multnomah,32983,Median Household Income
41051010408,Multnomah,53944,Median Household Income
41051007100,Multnomah,84000,Median Household Income
41051009301,Multnomah,26775,Median Household Income
41051010002,Multnomah,66644,Median Household Income
41051010305,Multnomah,65833,Median Household Income
41051009101,Multnomah,39514,Median Household Income
41051009804,Multnomah,30855,Median Household Income
41051010100,Multnomah,47643,Median Household Income
41051009606,Multnomah,31360,Median Household Income
41051009702,Multnomah,41789,Median Household Income
41051009801,Multnomah,26923,Median Household Income
41051010001,Multnomah,24122,Median Household Income
41051010303,Multnomah,45477,Median Household Income
41051010405,Multnomah,41827,Median Household Income
41051010409,Multnomah,68571,Median Household Income
41051006404,Multnomah,63341,Median Household Income
41051009905,Multnomah,65906,Median Household Income
41051009907,Multnomah,52647,Median Household Income
41051010411,Multnomah,51490,Median Household Income
41051006403,Multnomah,47813,Median Household Income
41051010410,Multnomah,38068,Median Household Income
41055950100,Sherman,63125,Median Household Income
41051002903,Multnomah,23795,Median Household Income
41051007800,Multnomah,46071,Median Household Income
41051008800,Multnomah,51518,Median Household Income
41051000100,Multnomah,76827,Median Household Income
41051000200,Multnomah,81098,Median Household Income
41051000301,Multnomah,88700,Median Household Income
41051009904,Multnomah,56494,Median Household Income
41051009906,Multnomah,103092,Median Household Income
41051010600,Multnomah,21875,Median Household Income
41051002303,Multnomah,34000,Median Household Income
41051002203,Multnomah,66979,Median Household Income
41031960100,Jefferson,42031,Median Household Income
41031940000,Jefferson,30521,Median Household Income
41031960302,Jefferson,38553,Median Household Income
41031960202,Jefferson,38550,Median Household Income
41031960201,Jefferson,37423,Median Household Income
41031960301,Jefferson,65490,Median Household Income
41051000302,Multnomah,139519,Median Household Income
41051000401,Multnomah,65843,Median Household Income
41051000402,Multnomah,52713,Median Household Income
41051000501,Multnomah,50500,Median Household Income
41051000502,Multnomah,50172,Median Household Income
41051000601,Multnomah,31338,Median Household Income
41051000602,Multnomah,36944,Median Household Income
41051000701,Multnomah,44306,Median Household Income
41037960100,Lake,36250,Median Household Income
41043030600,Linn,55547,Median Household Income
41043030300,Linn,73594,Median Household Income
41043020100,Linn,62500,Median Household Income
41043020200,Linn,39295,Median Household Income
41043030700,Linn,54336,Median Household Income
41043020300,Linn,74231,Median Household Income
41043020600,Linn,54196,Median Household Income
41043030100,Linn,73646,Median Household Income
41043030500,Linn,60156,Median Household Income
41043030902,Linn,55294,Median Household Income
41043020500,Linn,45461,Median Household Income
41043030401,Linn,59363,Median Household Income
41043030903,Linn,40313,Median Household Income
41043030200,Linn,77725,Median Household Income
41043020400,Linn,34393,Median Household Income
41043030800,Linn,35385,Median Household Income
41043030402,Linn,55139,Median Household Income
41043030904,Linn,53529,Median Household Income
41051000702,Multnomah,55125,Median Household Income
41051000801,Multnomah,47348,Median Household Income
41051000802,Multnomah,41661,Median Household Income
41051000901,Multnomah,65347,Median Household Income
41051000902,Multnomah,23467,Median Household Income
41051001000,Multnomah,64000,Median Household Income
41051001101,Multnomah,39306,Median Household Income
41051001102,Multnomah,89955,Median Household Income
41051001201,Multnomah,55500,Median Household Income
41043020700,Linn,35833,Median Household Income
41043020802,Linn,31193,Median Household Income
41043020801,Linn,11319,Median Household Income
41005022907,Clackamas,53790,Median Household Income
41005022904,Clackamas,61579,Median Household Income
41005022905,Clackamas,74949,Median Household Income
41005023002,Clackamas,39917,Median Household Income
41005023001,Clackamas,46806,Median Household Income
41005023403,Clackamas,60988,Median Household Income
41005023404,Clackamas,61595,Median Household Income
41005023902,Clackamas,53672,Median Household Income
41005023901,Clackamas,52601,Median Household Income
41005024303,Clackamas,77301,Median Household Income
41005024304,Clackamas,63214,Median Household Income
41067031909,Washington,103872,Median Household Income
41067031812,Washington,66216,Median Household Income
41067031912,Washington,78375,Median Household Income
41067031616,Washington,80486,Median Household Income
41067031609,Washington,43141,Median Household Income
41067032700,Washington,97250,Median Household Income
41067031509,Washington,79211,Median Household Income
41067031514,Washington,119250,Median Household Income
41067031513,Washington,134972,Median Household Income
41067030101,Washington,91010,Median Household Income
41067030102,Washington,161250,Median Household Income
41067031615,Washington,58977,Median Household Income
41067032408,Washington,93357,Median Household Income
41067032608,Washington,107750,Median Household Income
41067032610,Washington,83382,Median Household Income
41067031805,Washington,130385,Median Household Income
41067031814,Washington,107386,Median Household Income
41067032107,Washington,72563,Median Household Income
41067032104,Washington,91250,Median Household Income
41067032001,Washington,56026,Median Household Income
41067032410,Washington,73958,Median Household Income
41067032502,Washington,67870,Median Household Income
41067032501,Washington,27151,Median Household Income
41067032409,Washington,20048,Median Household Income
41067033302,Washington,92332,Median Household Income
41067032606,Washington,47089,Median Household Income
41067031614,Washington,65774,Median Household Income
41067032407,Washington,72004,Median Household Income
41067032108,Washington,83611,Median Household Income
41067033301,Washington,78207,Median Household Income
41067031815,Washington,112704,Median Household Income
41067031617,Washington,42019,Median Household Income
41067032800,Washington,64479,Median Household Income
41067032110,Washington,100602,Median Household Income
41067032109,Washington,149219,Median Household Income
41067032003,Washington,41552,Median Household Income
41067032004,Washington,46744,Median Household Income
41067032005,Washington,32560,Median Household Income
41067030806,Washington,83393,Median Household Income
41067032607,Washington,81563,Median Household Income
41067032609,Washington,98929,Median Household Income
41067033101,Washington,39279,Median Household Income
41067033102,Washington,58267,Median Household Income
41067032901,Washington,50911,Median Household Income
41005022103,Clackamas,81563,Median Household Income
41005020304,Clackamas,103713,Median Household Income
41005020303,Clackamas,87054,Median Household Income
41005021801,Clackamas,71940,Median Household Income
41005021802,Clackamas,37833,Median Household Income
41005020503,Clackamas,135521,Median Household Income
41005023201,Clackamas,110054,Median Household Income
41005024100,Clackamas,60144,Median Household Income
41005023500,Clackamas,66821,Median Household Income
41005023600,Clackamas,83750,Median Household Income
41005024200,Clackamas,55426,Median Household Income
41005024000,Clackamas,69081,Median Household Income
41005024302,Clackamas,80205,Median Household Income
41005023700,Clackamas,79583,Median Household Income
41005020100,Clackamas,212917,Median Household Income
41005020200,Clackamas,128800,Median Household Income
41005020302,Clackamas,112841,Median Household Income
41067033200,Washington,21518,Median Household Income
41005020401,Clackamas,95341,Median Household Income
41005020404,Clackamas,125954,Median Household Income
41005020501,Clackamas,130927,Median Household Income
41005020504,Clackamas,126538,Median Household Income
41005020600,Clackamas,115163,Median Household Income
41005020700,Clackamas,109405,Median Household Income
41067031504,Washington,94216,Median Household Income
41067031611,Washington,83347,Median Household Income
41067031705,Washington,44531,Median Household Income
41067031610,Washington,59205,Median Household Income
41067031511,Washington,110074,Median Household Income
41067031403,Washington,62891,Median Household Income
41067032103,Washington,100906,Median Household Income
41067031612,Washington,52639,Median Household Income
41005020800,Clackamas,45417,Median Household Income
41005020900,Clackamas,43274,Median Household Income
41005021000,Clackamas,71750,Median Household Income
41005021100,Clackamas,46638,Median Household Income
41005021200,Clackamas,29549,Median Household Income
41005021500,Clackamas,61094,Median Household Income
41067030300,Washington,102303,Median Household Income
41067030401,Washington,39663,Median Household Income
41067030402,Washington,141019,Median Household Income
41067030501,Washington,72652,Median Household Income
41067030600,Washington,97443,Median Household Income
41067031512,Washington,97917,Median Household Income
41067031300,Washington,39069,Median Household Income
41005021601,Clackamas,47459,Median Household Income
41005021602,Clackamas,43399,Median Household Income
41005022101,Clackamas,54519,Median Household Income
41005022201,Clackamas,30408,Median Household Income
41005022602,Clackamas,77368,Median Household Income
41005022400,Clackamas,60994,Median Household Income
41067031404,Washington,60765,Median Household Income
41067031402,Washington,26295,Median Household Income
41067031806,Washington,83281,Median Household Income
41067031807,Washington,96063,Median Household Income
41067031904,Washington,99632,Median Household Income
41067032406,Washington,76451,Median Household Income
41067032200,Washington,94554,Median Household Income
41067032300,Washington,77176,Median Household Income
41067032603,Washington,86125,Median Household Income
41067032404,Washington,64971,Median Household Income
41067032503,Washington,76818,Median Household Income
41067032604,Washington,67576,Median Household Income
41067031606,Washington,52574,Median Household Income
41067031613,Washington,42604,Median Household Income
41005022500,Clackamas,49583,Median Household Income
41005022901,Clackamas,73750,Median Household Income
41005022702,Clackamas,124271,Median Household Income
41005023202,Clackamas,90789,Median Household Income
41005021700,Clackamas,52875,Median Household Income
41005021900,Clackamas,40649,Median Household Income
41005022000,Clackamas,81417,Median Household Income
41005021400,Clackamas,56570,Median Household Income
41067031706,Washington,37319,Median Household Income
41067031703,Washington,57589,Median Household Income
41067031704,Washington,73345,Median Household Income
41067031804,Washington,71667,Median Household Income
41067030200,Washington,98438,Median Household Income
41067030900,Washington,45931,Median Household Income
41005021300,Clackamas,60534,Median Household Income
41005023100,Clackamas,100729,Median Household Income
41005023300,Clackamas,83306,Median Household Income
41005023401,Clackamas,67054,Median Household Income
41005022800,Clackamas,83707,Median Household Income
41005023800,Clackamas,72332,Median Household Income
41005980000,Clackamas,0,Median Household Income
41005020505,Clackamas,130341,Median Household Income
41005020403,Clackamas,193500,Median Household Income
41005022107,Clackamas,35682,Median Household Income
41005022105,Clackamas,70313,Median Household Income
41005022108,Clackamas,19803,Median Household Income
41067031003,Washington,100938,Median Household Income
41067031004,Washington,75241,Median Household Income
41067031005,Washington,37175,Median Household Income
41067031006,Washington,34241,Median Household Income
41067031100,Washington,40563,Median Household Income
41005022206,Clackamas,99659,Median Household Income
41005022205,Clackamas,93833,Median Household Income
41005022208,Clackamas,96740,Median Household Income
41005022207,Clackamas,117963,Median Household Income
41005022301,Clackamas,75929,Median Household Income
41005022708,Clackamas,87353,Median Household Income
41005022302,Clackamas,70273,Median Household Income
41005022606,Clackamas,75000,Median Household Income
41067031200,Washington,30806,Median Household Income
41067031507,Washington,115685,Median Household Income
41067031508,Washington,146411,Median Household Income
41067030502,Washington,86685,Median Household Income
41067032902,Washington,46466,Median Household Income
41067030803,Washington,80556,Median Household Income
41067031506,Washington,92552,Median Household Income
41023960200,Grant,48553,Median Household Income
41023960100,Grant,33182,Median Household Income
41005022605,Clackamas,51026,Median Household Income
41005022603,Clackamas,58438,Median Household Income
41005022707,Clackamas,56563,Median Household Income
41005022710,Clackamas,63611,Median Household Income
41005024400,Clackamas,78049,Median Household Income
41005022906,Clackamas,61181,Median Household Income
41067030700,Washington,31140,Median Household Income
41067030801,Washington,73125,Median Household Income
41067033000,Washington,79286,Median Household Income
41067033400,Washington,75000,Median Household Income
41067033500,Washington,82292,Median Household Income
41067033600,Washington,65515,Median Household Income
41067031911,Washington,68750,Median Household Income
41067031910,Washington,103500,Median Household Income
41067030805,Washington,98164,Median Household Income
41067031907,Washington,57367,Median Household Income
41067031908,Washington,113807,Median Household Income
41067031813,Washington,121696,Median Household Income
41047010801,Marion,58640,Median Household Income
41047010802,Marion,50287,Median Household Income
41047010702,Marion,48194,Median Household Income
41047001501,Marion,55064,Median Household Income
41047010501,Marion,81938,Median Household Income
41047001200,Marion,40526,Median Household Income
41047001300,Marion,59625,Median Household Income
41047010400,Marion,53173,Median Household Income
41047000900,Marion,39467,Median Household Income
41047001601,Marion,34000,Median Household Income
41047001702,Marion,53297,Median Household Income
41047002800,Marion,73594,Median Household Income
41047001703,Marion,53000,Median Household Income
41047001603,Marion,47695,Median Household Income
41047002301,Marion,65729,Median Household Income
41047010303,Marion,45938,Median Household Income
41047001000,Marion,24894,Median Household Income
41047001801,Marion,21109,Median Household Income
41047010304,Marion,37642,Median Household Income
41047010502,Marion,51447,Median Household Income
41047010100,Marion,69821,Median Household Income
41047001503,Marion,36625,Median Household Income
41047001701,Marion,33378,Median Household Income
41047000200,Marion,64063,Median Household Income
41047000600,Marion,41686,Median Household Income
41047001100,Marion,47765,Median Household Income
41047000300,Marion,32621,Median Household Income
41047002700,Marion,64583,Median Household Income
41047001802,Marion,44410,Median Household Income
41047010503,Marion,52218,Median Household Income
41047002000,Marion,64864,Median Household Income
41047001803,Marion,36343,Median Household Income
41047010701,Marion,52534,Median Household Income
41047002400,Marion,161303,Median Household Income
41047001502,Marion,48117,Median Household Income
41047000400,Marion,27760,Median Household Income
41047001602,Marion,33550,Median Household Income
41047001604,Marion,33040,Median Household Income
41047010600,Marion,55521,Median Household Income
41047002600,Marion,42273,Median Household Income
41047010305,Marion,39295,Median Household Income
41047000502,Marion,19744,Median Household Income
41047001401,Marion,41839,Median Household Income
41047002502,Marion,62955,Median Household Income
41047000501,Marion,44449,Median Household Income
41047002102,Marion,59931,Median Household Income
41047002303,Marion,73443,Median Household Income
41047002202,Marion,78125,Median Household Income
41047002101,Marion,36250,Median Household Income
41047002501,Marion,64250,Median Household Income
41047002304,Marion,93854,Median Household Income
41047010202,Marion,53516,Median Household Income
41047010307,Marion,72875,Median Household Income
41047010201,Marion,83750,Median Household Income
41047002201,Marion,73684,Median Household Income
41069960100,Wheeler,41250,Median Household Income
41047010306,Marion,45547,Median Household Income
41047001402,Marion,55057,Median Household Income
41047000701,Marion,30250,Median Household Income
41035970100,Klamath,66490,Median Household Income
41017001200,Deschutes,80268,Median Household Income
41017001300,Deschutes,88382,Median Household Income
41017001400,Deschutes,103472,Median Household Income
41017001500,Deschutes,29851,Median Household Income
41017001700,Deschutes,45719,Median Household Income
41017002000,Deschutes,50590,Median Household Income
41017002100,Deschutes,70077,Median Household Income
41017001600,Deschutes,51875,Median Household Income
41017001100,Deschutes,61066,Median Household Income
41017000700,Deschutes,61850,Median Household Income
41017000800,Deschutes,54301,Median Household Income
41017000900,Deschutes,24473,Median Household Income
41017001800,Deschutes,29554,Median Household Income
41017000100,Deschutes,72125,Median Household Income
41017000200,Deschutes,24167,Median Household Income
41017000300,Deschutes,60750,Median Household Income
41017000500,Deschutes,68580,Median Household Income
41017000600,Deschutes,91250,Median Household Income
41017000402,Deschutes,73400,Median Household Income
41017001902,Deschutes,70424,Median Household Income
41017001901,Deschutes,73964,Median Household Income
41017001002,Deschutes,60769,Median Household Income
41017001001,Deschutes,51083,Median Household Income
41017000401,Deschutes,43098,Median Household Income
41001950200,Baker,50197,Median Household Income
41001950300,Baker,32188,Median Household Income
41001950400,Baker,27270,Median Household Income
41001950500,Baker,38750,Median Household Income
41001950600,Baker,43929,Median Household Income
41001950100,Baker,90274,Median Household Income
