hub_name,address,region,website
Blue Mountain Early Learning Hub,"2001 SW Nye Ave Pendleton, OR 97801",Morrow,https://bluemountainearlylearninghub.org/
Blue Mountain Early Learning Hub,"2001 SW Nye Ave Pendleton, OR 97801",Umatilla,https://bluemountainearlylearninghub.org/
Blue Mountain Early Learning Hub,"2001 SW Nye Ave Pendleton, OR 97801",Union,https://bluemountainearlylearninghub.org/
Clackamas Early Learning Hub,"150 Beavercreek Road, Oregon City, OR 97045",Clackamas,https://earlylearninghubofclackamascounty.org/
Early Learning Hub of Central Oregon,2804 SW 6th St Redmond OR 97756,Crook,https://earlylearninghubco.org
Early Learning Hub of Central Oregon,2804 SW 6th St Redmond OR 97756,Deschutes,https://earlylearninghubco.org
Early Learning Hub of Central Oregon,2804 SW 6th St Redmond OR 97756,Jefferson,https://earlylearninghubco.org
"Early Learning Hub of Linn, Benton, and Lincoln Counties","6500 Pacific Blvd. SW Albany, OR  97321",Benton,https://lblearlylearninghub.org
"Early Learning Hub of Linn, Benton, and Lincoln Counties","6500 Pacific Blvd. SW Albany, OR  97321",Lincoln,https://lblearlylearninghub.org
"Early Learning Hub of Linn, Benton, and Lincoln Counties","6500 Pacific Blvd. SW Albany, OR  97321",Linn,https://lblearlylearninghub.org
Early Learning Multnomah,"619 SW 11th Ave. Portland, OR 97205",Multnomah,http://www.earlylearningmultnomah.org
Early Learning Washington County,"20665 SW Blanton Street Aloha, OR 97078",Washington,https://www.co.washington.or.us/HHS/ChildrenYouthFamilies/
Eastern Oregon Community Based Services Hub,"363 A St W, Vale, OR 97918",Baker,https://www.malesd.k12.or.us/eastern-oregon-hub
Eastern Oregon Community Based Services Hub,"363 A St W, Vale, OR 97918",Malheur,https://www.malesd.k12.or.us/eastern-oregon-hub
Eastern Oregon Community Based Services Hub,"363 A St W, Vale, OR 97918",Wallowa,https://www.malesd.k12.or.us/eastern-oregon-hub
Four Rivers Early Learning Hub,"400 East Scenic Drive, The Dalles, OR 97058",Gilliam,https://4relh.org/
Four Rivers Early Learning Hub,"400 East Scenic Drive, The Dalles, OR 97058",Hood River,https://4relh.org/
Four Rivers Early Learning Hub,"400 East Scenic Drive, The Dalles, OR 97058",Sherman,https://4relh.org/
Four Rivers Early Learning Hub,"400 East Scenic Drive, The Dalles, OR 97058",Wasco,https://4relh.org/
Four Rivers Early Learning Hub,"400 East Scenic Drive, The Dalles, OR 97058",Wheeler,https://4relh.org/
Frontier Early Learning Hub,"25 Fairview Hts, Burns OR 97720",Harney,https://harneyesd.sharpschool.com/e_c_c/harney_grant_frontier_hub
Lane Early Learning Alliance,"3171 Gateway Loop, Springfield, OR 97477",Lane,https://earlylearningalliance.org
Marion and Polk Early Learning Hub,"2995 Ryan Drive SE, Salem, Oregon 97301",Marion,https://parentinghub.org
Marion and Polk Early Learning Hub,"2995 Ryan Drive SE, Salem, Oregon 97301",Polk,https://parentinghub.org
Northwest Early Learning Hub,"5825 NE Ray Circle Hillsboro, Oregon",Clatsop,http://nwelhub.org/
Northwest Early Learning Hub,"5825 NE Ray Circle Hillsboro, Oregon",Columbia,http://nwelhub.org/
Northwest Early Learning Hub,"5825 NE Ray Circle Hillsboro, Oregon",Tillamook,http://nwelhub.org/
South Coast Regional Early Learning Hub,"1855 Thomas Avenue Coos Bay, OR 97420",Coos,https://www.screlhub.com/
South Coast Regional Early Learning Hub,"1855 Thomas Avenue Coos Bay, OR 97420",Curry,https://www.screlhub.com/
South-Central Oregon Early Learning Hub,"1409 NE Diamond Lake Blvd, Roseburg, OR 97470",Douglas,https://douglasesd.k12.or.us/early-learning-hub/home
South-Central Oregon Early Learning Hub,"1409 NE Diamond Lake Blvd, Roseburg, OR 97470",Klamath,https://douglasesd.k12.or.us/early-learning-hub/home
South-Central Oregon Early Learning Hub,"1409 NE Diamond Lake Blvd, Roseburg, OR 97470",Lake,https://douglasesd.k12.or.us/early-learning-hub/home
Southern Oregon Early Learning Services,"101 North Grape Street, Medford OR 97501",Jackson,https://www3.soesd.k12.or.us/southernoregonlearninghub/
Southern Oregon Early Learning Services,"101 North Grape Street, Medford OR 97501",Josephine,https://www3.soesd.k12.or.us/southernoregonlearninghub/
Yamhill Early Learning Hub,"807 NE Third Street McMinnville, OR 97128",Yamhill,https://yamhillcco.org/early-learning-hub/
